<?xml version="1.0" encoding="UTF-8"?>
<rss version="2.0" xmlns:atom="http://www.w3.org/2005/Atom">
  <channel>
    <title>Alien Mouth</title>
    <description>a literary and arts journal</description>
    <link>/</link>
    <atom:link href="/feed.xml" rel="self" type="application/rss+xml"/>
    <pubDate>Mon, 20 Feb 2017 21:13:22 -0600</pubDate>
    <lastBuildDate>Mon, 20 Feb 2017 21:13:22 -0600</lastBuildDate>
    <generator>Jekyll v3.0.1</generator>
    
      <item>
        <title>where does that leave us</title>
        <description>&lt;p&gt;&lt;img src=&quot;/january2017/photos/Zachary_Where_Does_That_Leave_Us.jpg&quot; alt=&quot;&amp;quot;where does that leave us&amp;quot; by Adam Light Zachary&quot; /&gt;&lt;/p&gt;

&lt;p&gt;1 from a series of 4, this is a visual found poem (graphite on paper) assembled from sentences in letters/texts/emails written between an ex-partner &amp;amp; myself during a long drawn-out breakup.&lt;/p&gt;
</description>
        <pubDate>Mon, 20 Feb 2017 04:00:00 -0600</pubDate>
        <link>/february2017/zachary.html</link>
        <guid isPermaLink="true">/february2017/zachary.html</guid>
        
        
        <category>february2017</category>
        
      </item>
    
      <item>
        <title>02/17/2017, 10:00:00</title>
        <description>&lt;p&gt;ramune and lavender&lt;br /&gt;
jawbone with zero and kim kardashian&lt;/p&gt;

&lt;p&gt;kim kardashian with stained glass light&lt;br /&gt;
umeboshi and psilocybin mushroom&lt;/p&gt;

&lt;p&gt;amber and salt lamp&lt;br /&gt; 
night light and pink wax&lt;/p&gt;

&lt;p&gt;pear and white lime&lt;br /&gt; 
pearl wool and corn syrup&lt;/p&gt;

&lt;p&gt;stopwatch and sheep teeth&lt;br /&gt;
sapphire and tire track&lt;/p&gt;
</description>
        <pubDate>Fri, 17 Feb 2017 04:00:00 -0600</pubDate>
        <link>/february2017/jewell.html</link>
        <guid isPermaLink="true">/february2017/jewell.html</guid>
        
        
        <category>february2017</category>
        
      </item>
    
      <item>
        <title>County Fair</title>
        <description>&lt;p&gt;there is love in the way of you,&lt;br /&gt;
here.&lt;/p&gt;

&lt;p&gt;and at the fair,&lt;br /&gt;
cotton candy sticking to everything you touch&lt;br /&gt;
           (my cheek,&lt;br /&gt;
           the inside of my wrist you can&lt;br /&gt;
                      taste my pulse –)&lt;/p&gt;

&lt;p&gt;&lt;i&gt;I lost you in a house of mirrors,&lt;/i&gt;&lt;/p&gt;

&lt;p&gt;&lt;i&gt;           which is to say,&lt;/i&gt;&lt;/p&gt;

&lt;p&gt;&lt;i&gt;I maybe meant to lose you.&lt;/i&gt;&lt;/p&gt;
</description>
        <pubDate>Wed, 15 Feb 2017 04:00:00 -0600</pubDate>
        <link>/february2017/richardson.html</link>
        <guid isPermaLink="true">/february2017/richardson.html</guid>
        
        
        <category>february2017</category>
        
      </item>
    
      <item>
        <title>Teenage</title>
        <description>&lt;p&gt;Radical slow-jam cartography. Night-&lt;br /&gt;
               swimming in the wake of several broken&lt;/p&gt;

&lt;p&gt;promises. This was a storm taking root&lt;br /&gt;
               in alluvial cognition. Snow-blind&lt;/p&gt;

&lt;p&gt;fingertips navigating aspen bark stood no&lt;br /&gt;
               chance against the blizzard; gravitropism&lt;/p&gt;

&lt;p&gt;is lost on havoc. The human brain is&lt;br /&gt;
               nature’s most obsolete supercomputer.&lt;/p&gt;

</description>
        <pubDate>Wed, 01 Feb 2017 04:00:00 -0600</pubDate>
        <link>/january2017/oryan.html</link>
        <guid isPermaLink="true">/january2017/oryan.html</guid>
        
        
        <category>january2017</category>
        
      </item>
    
      <item>
        <title>Honest Surfaces</title>
        <description>&lt;p&gt;&lt;em&gt;1.&lt;/em&gt; Mechanic blue skies reflecting the shape of my body 
de-bossed in your memory foam mattress.&lt;/p&gt;

&lt;p&gt;&lt;em&gt;2.&lt;/em&gt; No more honest surfaces here but a wide choice of hotels.
The idea of tourists leaving the imprint of their skulls on mattresses 
all over the city is scary. I am curious about the potential massive 
shapes created over nights over bodies &amp;amp; nights heap
over bodies against bodies until the trip is over.&lt;/p&gt;

&lt;p&gt;&lt;em&gt;3.&lt;/em&gt; A new hardness is felt when I think of our coordinates. 
Soft pores entangled like bike chains.&lt;/p&gt;

&lt;p&gt;&lt;em&gt;4.&lt;/em&gt; When my back bends like a spoon. Hitting jello at 200 mph.&lt;/p&gt;

&lt;p&gt;&lt;em&gt;5.&lt;/em&gt; &lt;em&gt;Cause it’s zero to sixty in three point five.
Smoother than a limousine.
Can you handle the curves, can you run all the lights.&lt;/em&gt;
It’s only about accepting the consequences 
of sounds and quoting Rihanna.&lt;/p&gt;

&lt;p&gt;&lt;em&gt;6.&lt;/em&gt; I want to know if I am really made of stone and sugar 
when I engage with the strength of the wind until 
my eyes cry independently of my neural tissues.
Tears tasting like coconut.&lt;/p&gt;

&lt;p&gt;&lt;em&gt;7.&lt;/em&gt; Sometimes I am an endless coconut waterfall then.&lt;/p&gt;

&lt;p&gt;&lt;em&gt;8.&lt;/em&gt; I look up a survey to know which object 
I can be, based on my performativity. 
Halfway through I feel the stickiness of my muscles 
covered with price tags.&lt;/p&gt;

&lt;p&gt;&lt;em&gt;9.&lt;/em&gt; I choose to be a menthol capsule in a cigarette filter 
that you can crush right before you kiss.&lt;/p&gt;

&lt;p&gt;&lt;em&gt;10.&lt;/em&gt; But really when asleep, I am nothing but an oxygen thief.&lt;/p&gt;
</description>
        <pubDate>Tue, 24 Jan 2017 04:00:00 -0600</pubDate>
        <link>/january2017/lenox.html</link>
        <guid isPermaLink="true">/january2017/lenox.html</guid>
        
        
        <category>january2017</category>
        
      </item>
    
      <item>
        <title>Avian Autopsies and Other Romantic Dreams</title>
        <description>&lt;p&gt;I see the crow split open&lt;br /&gt;
when I should be watching the ocean,&lt;/p&gt;

&lt;p&gt;a stain between frothing white lace&lt;br /&gt;
and shell-bedded skin. I can’t stop thinking&lt;/p&gt;

&lt;p&gt;about the utter wrongness of its body—&lt;br /&gt;
talons curved inward yet still poised&lt;/p&gt;

&lt;p&gt;for slaughter, the red wanting&lt;br /&gt;
where a beak should be, eyes and mouth lost&lt;/p&gt;

&lt;p&gt;to another creature’s hunger. I wonder if it drowned,&lt;br /&gt;
those tarred wings wilting first, or if its neck&lt;/p&gt;

&lt;p&gt;had given way like ribbon. I’m not sure&lt;br /&gt;
which one I prefer. Either way,&lt;/p&gt;

&lt;p&gt;there’s carnage. I think I’m in love &lt;br /&gt;
right now and all I want is beaches&lt;/p&gt;

&lt;p&gt;full of dead birds. A flood of limbs &lt;br /&gt;
washing up onshore. Seascapes sparkling&lt;/p&gt;

&lt;p&gt;bright with bone.  I know this longing well—&lt;br /&gt;
the same way a knife only knows&lt;/p&gt;

&lt;p&gt;the yielding purr of softness&lt;br /&gt;
as the world curls around it,&lt;/p&gt;

&lt;p&gt;how a shark only knows&lt;br /&gt;
bloodshed &amp;amp; swimming. This is&lt;/p&gt;

&lt;p&gt;how bad it is: I need &lt;br /&gt;
someone else’s mouthful&lt;/p&gt;

&lt;p&gt;of glossed teeth, or at least&lt;br /&gt;
something sharp in my throat. I deserve&lt;/p&gt;

&lt;p&gt;a proper maiming. I hope I never&lt;br /&gt;
get used to the wound.&lt;/p&gt;
</description>
        <pubDate>Mon, 23 Jan 2017 04:00:00 -0600</pubDate>
        <link>/january2017/dolinh.html</link>
        <guid isPermaLink="true">/january2017/dolinh.html</guid>
        
        
        <category>january2017</category>
        
      </item>
    
      <item>
        <title>O</title>
        <description>&lt;p&gt;, the dungeon of shame&lt;br /&gt;
of hurt of home&lt;br /&gt;
the walls dark under tongue&lt;br /&gt;
a body of hurt a body of home&lt;br /&gt;
the bank, the limbs of shores&lt;br /&gt;
body new fresh hell&lt;br /&gt;
a moment in fresh hell&lt;br /&gt;
at the limbs of shores&lt;br /&gt;
give me 75 tough trees dotting my back;&lt;br /&gt;
&lt;br /&gt;
light sweet petals&lt;br /&gt;
center of luck&lt;br /&gt;
let sweet time near here&lt;br /&gt;
let wish petals draft down&lt;br /&gt;&lt;/p&gt;
</description>
        <pubDate>Wed, 22 Jun 2016 15:00:00 -0500</pubDate>
        <link>/june2016/1.html</link>
        <guid isPermaLink="true">/june2016/1.html</guid>
        
        
        <category>june2016</category>
        
      </item>
    
      <item>
        <title>Hansel, From Home: An Apology (After Marie Howe’s Gretel From a Sudden Clearing)</title>
        <description>&lt;p&gt;There is no way to say it. Your window is collecting webs,&lt;br /&gt;
your blackberries ripen and swell and fall&lt;/p&gt;

&lt;p&gt;for the squirrels. Every day we spend less&lt;br /&gt;
and less time waiting. Sometimes I stand on the roof&lt;/p&gt;

&lt;p&gt;and say it into the wind: the first syllable&lt;br /&gt;
rises and drops to the ground, and the second&lt;/p&gt;

&lt;p&gt;gets lost in the forest between my mind and my mouth,&lt;br /&gt;
to be picked apart by crows, who fly away&lt;/p&gt;

&lt;p&gt;crying &lt;i&gt;rry, rry, rry.&lt;/i&gt; I don’t know how I got here.&lt;br /&gt;
How I made it here without you. All I did&lt;/p&gt;

&lt;p&gt;was look back when you kept looking on,&lt;br /&gt;
stumble through the dark in some&lt;/p&gt;

&lt;p&gt;backwards way, kicking mushrooms, breadcrumbs,&lt;br /&gt;
tripping over logs and nests, reaching&lt;/p&gt;

&lt;p&gt;into your absence and finding suddenly&lt;br /&gt;
a recognizable tree, and mother, out front, looking for stars.&lt;/p&gt;

&lt;p&gt;I called for you, I swear. So did she.&lt;br /&gt;
I try to say it in the morning, sitting on your bed:&lt;/p&gt;

&lt;p&gt;but the first syllable gets caught in the webs&lt;br /&gt;
of your open window, and when the spider comes&lt;/p&gt;

&lt;p&gt;she wraps it up, pauses, whispers &lt;i&gt;so?&lt;/i&gt;, and eats.&lt;br /&gt;
Every day something of yours disappears.&lt;/p&gt;

&lt;p&gt;The yellow dress, the small bird painting, and&lt;br /&gt;
one by one the books. I move through our house&lt;/p&gt;

&lt;p&gt;trying to say it. &lt;i&gt;I am so&lt;/i&gt;, the clock has become&lt;br /&gt;
bored by my eyes. &lt;i&gt;I am so&lt;/i&gt;, I sleep terribly. &lt;i&gt;I am so&lt;/i&gt;&lt;/p&gt;
</description>
        <pubDate>Wed, 22 Jun 2016 15:00:00 -0500</pubDate>
        <link>/july2016/1.html</link>
        <guid isPermaLink="true">/july2016/1.html</guid>
        
        
        <category>july2016</category>
        
      </item>
    
      <item>
        <title>Don&#39;t Hurt Yourself</title>
        <description>&lt;p&gt;I bought pepper spray yesterday cause it was $10&lt;br /&gt;
&amp;amp; bedazzled. It’s still in the box on the kitchen&lt;br /&gt;
table. When I met Adam I was wearing a&lt;br /&gt;
halo cause it was Halloween. I gave it to him cause&lt;br /&gt;
he was turning 22 at midnight and also&lt;br /&gt;
probably I fell in love or maybe out of the sky&lt;br /&gt;
or both. We had so many sleepovers. We ordered&lt;br /&gt;
so much Chinese food. We were so sad about&lt;br /&gt;
money. Kelsey was followed home twice &amp;amp;&lt;br /&gt;
that was when I liked her so I was really empathetic.&lt;br /&gt;
She has a knife with a cat on it even though&lt;br /&gt;
she’s more of a dog person.  I have bedazzled&lt;br /&gt;
pepper spray recommended by Cosmo&lt;br /&gt;
in a plastic box on my kitchen table even though&lt;br /&gt;
I’m more of a person who’s scared all the time.&lt;br /&gt;&lt;/p&gt;
</description>
        <pubDate>Wed, 22 Jun 2016 14:00:00 -0500</pubDate>
        <link>/june2016/2.html</link>
        <guid isPermaLink="true">/june2016/2.html</guid>
        
        
        <category>june2016</category>
        
      </item>
    
      <item>
        <title>welt</title>
        <description>&lt;p&gt;how long until the bad spot can be touched? I am asking for&lt;br /&gt;
myself. here, there are so many bruises in the making. I stand&lt;br /&gt;
up inside the orchard—little seedlings gather, apple cores, my&lt;br /&gt;
vertebrae stuck together, like so. is it ok if I crush you? I so&lt;br /&gt;
want to, I so love this dripping all over.&lt;br /&gt;&lt;/p&gt;
</description>
        <pubDate>Wed, 22 Jun 2016 14:00:00 -0500</pubDate>
        <link>/july2016/2.html</link>
        <guid isPermaLink="true">/july2016/2.html</guid>
        
        
        <category>july2016</category>
        
      </item>
    
  </channel>
</rss>
