<?xml version="1.0" encoding="UTF-8"?>
<rss version="2.0" xmlns:atom="http://www.w3.org/2005/Atom">
  <channel>
    <title></title>
    <description>a lit journal.</description>
    <link>http://alienmouth.com/</link>
    <atom:link href="http://alienmouth.com/feed.xml" rel="self" type="application/rss+xml"/>
    <pubDate>Sun, 27 Mar 2016 21:18:16 -0500</pubDate>
    <lastBuildDate>Sun, 27 Mar 2016 21:18:16 -0500</lastBuildDate>
    <generator>Jekyll v3.0.1</generator>
    
      <item>
        <title>Perspective of Disappearance</title>
        <description>&lt;iframe allowfullscreen=&quot;&quot; frameborder=&quot;0&quot; height=&quot;281&quot; mozallowfullscreen=&quot;&quot; src=&quot;https://player.vimeo.com/video/150564897&quot; webkitallowfullscreen=&quot;&quot; width=&quot;500&quot;&gt;&lt;/iframe&gt;
&lt;p&gt;&lt;br /&gt;
&lt;br /&gt;&lt;/p&gt;
</description>
        <pubDate>Sat, 19 Mar 2016 18:00:00 -0500</pubDate>
        <link>http://alienmouth.com/march2016/1.html</link>
        <guid isPermaLink="true">http://alienmouth.com/march2016/1.html</guid>
        
        
        <category>march2016</category>
        
      </item>
    
      <item>
        <title>4 Poems</title>
        <description>&lt;p&gt;&lt;b&gt;AT THIS MOMENT IN TIME I HAVE 635 FRIENDS ON FACEBOOK&lt;/b&gt;&lt;/p&gt;
&lt;p&gt;i&#39;m tired of &lt;br /&gt;
falling in &amp;amp; out&lt;br /&gt;
of love with people&lt;br /&gt;
every single night&lt;/p&gt;

&lt;p&gt;there are only so many ways&lt;br /&gt;
to show what side of the lake you&#39;re on&lt;/p&gt;

&lt;p&gt;&lt;b&gt;I&#39;D RATHER BE BEAUTIFUL THAN MALE&lt;/b&gt;&lt;/p&gt;
&lt;p&gt;&quot;The moon is trans.&lt;br /&gt;&lt;br /&gt;

From this moment forward, the moon is trans.&lt;br /&gt;&lt;br /&gt;

You don’t get to write about the moon anymore unless you respect that.&lt;br /&gt;&lt;br /&gt;

You don’t get to talk to the moon anymore unless you use her correct pronouns.&quot;&lt;br /&gt;&lt;br /&gt;

&amp;nbsp;&amp;nbsp;&amp;nbsp;&amp;nbsp;&amp;nbsp;&amp;nbsp;&amp;nbsp;&amp;nbsp;&amp;nbsp;&amp;nbsp;&amp;nbsp;&amp;nbsp;- joshua jennifer espinoza&lt;/p&gt;
&lt;p&gt;&amp;amp; when the big dumb moon fell into our bed&lt;br /&gt;
i was right in the middle of telling you&lt;br /&gt;
about how i would like to coach your favorite baseball team&lt;br /&gt;
&amp;amp; after she fell into our bed&lt;br /&gt;
the moon asked about phases&lt;br /&gt;
why hers were called phases&lt;br /&gt;
&amp;amp; how scary that word is&lt;br /&gt;
you told her &lt;i&gt;the sky&lt;br /&gt;
changes colors &lt;br /&gt;
turning blue &amp;amp; purple&lt;br /&gt;
like the body&lt;/i&gt;&lt;br /&gt;
she understood&lt;br /&gt;
kind of&lt;br /&gt;
&amp;amp; i told her &lt;br /&gt;
she&#39;s not ready for everything&lt;br /&gt;
&lt;i&gt;that&#39;s okay&lt;br /&gt;
we&#39;re all okay&lt;br /&gt;
your light hits all of us&lt;br /&gt;
so we are all you&lt;br /&gt;
a small part of each of us&lt;br /&gt;
is the moon&lt;br /&gt;
&amp;amp; she&#39;s beautiful&lt;/i&gt;&lt;br /&gt;
i said &lt;i&gt;we are all the moon&lt;br /&gt;
&amp;amp; we are all butterflies &lt;br /&gt;
who think living for a day&lt;br /&gt;
is living for a lifetime&lt;br /&gt;
even though some of us&lt;br /&gt;
can&#39;t keep going &lt;br /&gt;
especially after seeing our naked bodies&lt;/i&gt;&lt;br /&gt;
&amp;amp; the first time i looked&lt;br /&gt;
into the mirror after cutting my hair&lt;br /&gt;
i was finally beautiful&lt;br /&gt;
just kidding &lt;br /&gt;
i have always been beautiful&lt;br /&gt;
the moon swore she heard someone crying &lt;br /&gt;
outside of our window&lt;br /&gt;
we ignored it&lt;br /&gt;
she said &lt;i&gt;i think we should really check on them&lt;/i&gt;&lt;br /&gt;
&amp;amp; i said &lt;i&gt;we&#39;re always feeling glaciers moving &lt;br /&gt;
at the bottom of our stomachs&lt;/i&gt;&lt;br /&gt;
i said this to no one in particular &lt;br /&gt;
so then the moon asked me&lt;br /&gt;
when i started wearing glasses&lt;br /&gt;
&amp;amp; at this point &lt;br /&gt;
you had gotten out of bed &lt;br /&gt;
to get some water&lt;br /&gt;
so you didn&#39;t hear this part&lt;br /&gt;
but i said&lt;br /&gt;
&lt;i&gt;i can remember when my dad started wearing glasses&lt;br /&gt;
but not my mom&lt;br /&gt;
my mom can&#39;t really see me anymore&lt;/i&gt;&lt;br /&gt;
&amp;amp; then the room filled up with air &lt;br /&gt;
the kind that fills up rooms&lt;br /&gt;
before it rains&lt;br /&gt;
the moon asked me &lt;br /&gt;
if i ever experienced &lt;br /&gt;
a major death in my family &amp;amp; i said &lt;br /&gt;
&lt;i&gt;no&lt;br /&gt;
can we go back to talking about how beautiful you are&lt;br /&gt;
can we go back to talking about all the love poems &lt;br /&gt;
i tried to write for each bridge i&#39;ve walked over but never did&lt;br /&gt;
can you watch me foam at the mouth with every cloud &lt;br /&gt;
that ever existed&lt;br /&gt;
but slowly disappeared&lt;/i&gt;&lt;br /&gt;
&amp;amp; then you came back into the room&lt;br /&gt;
but it was too dark so i didn&#39;t notice &lt;br /&gt;
&amp;amp; continued to tell the moon about the time my astronomy professor &lt;br /&gt;
told my class that we were never supposed to be here&lt;br /&gt;
&amp;amp; how us being here&lt;br /&gt;
alive on earth &lt;br /&gt;
is the same probability of winning the lottery 100,000 times&lt;br /&gt;
how fucked up is that?&lt;br /&gt;
&amp;amp; then i had to leave the room because i needed to cry in the rain&lt;br /&gt;
so i&#39;m not sure what you &amp;amp; the moon talked about which is fine i guess&lt;br /&gt;
i just want to know&lt;br /&gt;
will you please stop leaving all the photographs in the fridge?&lt;br /&gt;
pressing the buttons on a camera makes strawberries&lt;br /&gt;
according to a four year old&lt;br /&gt;
who is taking pictures of beautiful things&lt;br /&gt;
with a camera that doesn&#39;t work&lt;br /&gt;
&amp;amp; before the moon left&lt;br /&gt;
she made everything quiet for us&lt;br /&gt;
so we could hear the universe&#39;s slow hum&lt;br /&gt;
i could imagine the weather &lt;br /&gt;
on the day every person i know was born&lt;br /&gt;
the first day of K&#39;s life was probably the only day in october &lt;br /&gt;
that held rain&lt;br /&gt;
because she&#39;s always crying&lt;br /&gt;
&amp;amp; i&#39;m always feeling reflections of rainbows when she laughs&lt;br /&gt;
i told the moon this &lt;br /&gt;
&amp;amp; she said &lt;i&gt;thank you&lt;/i&gt;&lt;br /&gt;
&amp;amp; turned me into stardust while you were pulling out &lt;br /&gt;
your eyelashes unintentionally&lt;br /&gt;
she climbed back into the sky&lt;br /&gt;
with a sign the read&lt;br /&gt;
the inverse of you&lt;br /&gt;
is the universe &lt;br /&gt;
i know that&#39;s not always enough&lt;/p&gt;

&lt;p&gt;&lt;b&gt;3.&lt;/b&gt;&lt;/p&gt;
&lt;p&gt;please stop being beautiful in front of me because it is very hard to live when you are right next to a person, a beautiful one, like yourself. Mercury is spinning around us &amp;amp; there are currently no plans but soon I will end up saying something like Maybe we should just elope &amp;amp; you will say But my family needs to be there &amp;amp; I will say We should buy a farm so your family can come visit us on it. you will ask What about your family &amp;amp; I will open the window then ask Where are all the fucking seagulls? sometimes October rings inside my ears. sometimes I want to tell you I think it&#39;s time to start living like a tree before we turn into tables. you will give me a look like the look I give any child under two who can&#39;t tie their shoes &amp;amp; I will say Don&#39;t worry, I promise to be better just after I press my hand into some wet soil.&lt;/p&gt;

&lt;p&gt;&lt;b&gt;4.&lt;/b&gt;&lt;/p&gt;
&lt;p&gt;here is a love letter to my body / thank you for fixing me up when I fall on a hard sidewalk &amp;amp; also fuck you for making me cry in every single bathroom / this is starting to get beautiful / &amp;amp; fuck anyone who thinks saying the word beautiful in a poem is wrong / this is a poem for the beautiful people who have felt like they were wrong / for everyone who still has caterpillar skin watching butterflies laugh around them / butterflies so light they can land on a person&#39;s nose / yeah /  a nose / for everyone waiting patiently to be able to fly / clothes aren&#39;t gendered so why don&#39;t you go fuck yourself / i&#39;m waiting for different colors to turn into me&lt;/p&gt;
</description>
        <pubDate>Sat, 19 Mar 2016 17:00:00 -0500</pubDate>
        <link>http://alienmouth.com/march2016/2.html</link>
        <guid isPermaLink="true">http://alienmouth.com/march2016/2.html</guid>
        
        
        <category>march2016</category>
        
      </item>
    
      <item>
        <title>For an arm to break, an elbow to bend</title>
        <description>&lt;p&gt;Something floats along my eye, its gone now&lt;br /&gt;
Something floats along the Eagle Nebula&lt;br /&gt;
This object&amp;rsquo;s light diffuses across the memory of a long night&lt;br /&gt;
It can be seen reflected in the waxed linoleum floors of&lt;br /&gt;
The (now closed) Pathmark off North Broad Street&lt;br /&gt;
&lt;br /&gt;
Turn off the florescent lights, then imagine&amp;nbsp;&lt;br /&gt;
Gliding across the Pillars of Creation in a&lt;br /&gt;
Chrome shopping cart&lt;br /&gt;
&lt;br /&gt;
Back on earth, dust will fill the shadows of my hands&lt;br /&gt;
As the two form prayers&lt;br /&gt;
Underneath a clinic&amp;rsquo;s unassuming drop ceiling&lt;br /&gt;
&lt;br /&gt;
Riding the bus, thinking about rough knuckles,&lt;br /&gt;
Hairy pits, and morning breath&lt;br /&gt;
Rereading messages, occasionally&lt;br /&gt;
Looking out the windows/imagining the self&lt;br /&gt;
Something unrealized but fulfilling&lt;br /&gt;
&lt;br /&gt;
&amp;nbsp;&amp;nbsp;&amp;nbsp; &amp;ldquo;No answer, except acceptance&amp;rdquo; &amp;ndash; they say to me as I walk out&lt;br /&gt;
&lt;br /&gt;
Any minor gloom will turn the slim comfort of this&lt;br /&gt;
Distracting peasouper into a bed without pillows&lt;br /&gt;
So memorize the expression&amp;nbsp;I make before saying &amp;ldquo;maybe&amp;rdquo; &amp;nbsp;&lt;br /&gt;
&amp;nbsp; As sand shoots up into the mesosphere, becomes glass,&lt;br /&gt;
And rains back down&amp;nbsp;&lt;br /&gt;
&lt;br /&gt;
Capture the smell of this world ending in fire and remain cautious&lt;br /&gt;
Of shiny, yet sharp, things that only mirror the worst angles&lt;/p&gt;
</description>
        <pubDate>Sat, 19 Mar 2016 16:00:00 -0500</pubDate>
        <link>http://alienmouth.com/march2016/3.html</link>
        <guid isPermaLink="true">http://alienmouth.com/march2016/3.html</guid>
        
        
        <category>march2016</category>
        
      </item>
    
      <item>
        <title>Portrait of Lisa by Fancis Bacon</title>
        <description>&lt;p style=&quot;text-align: justify; width: 350px;&quot;&gt;yesterday i spent so long on the toilet that the sensory light switched off n all i could see was the colour black_&lt;br /&gt;
&lt;br /&gt;
like that night we rode our bikes down the road between the thicket n it was like we could have kept riding n riding for the longest time n not have been anywhere, like what happens after you die&lt;/p&gt;

&lt;p style=&quot;padding-left: 275px; text-align: justify; width: 350px;&quot;&gt;n it was so black i might of heard the wheels turn on the gravel, or your shallow cycling breaths, or the air conditioning, or a dripping tap, bare bottomed and the toilet bowl, or denim and a bike seat, or a duvet, or a womb, or Lisa&lt;/p&gt;
</description>
        <pubDate>Sat, 19 Mar 2016 15:00:00 -0500</pubDate>
        <link>http://alienmouth.com/march2016/4.html</link>
        <guid isPermaLink="true">http://alienmouth.com/march2016/4.html</guid>
        
        
        <category>march2016</category>
        
      </item>
    
      <item>
        <title>Oxosse sea krait (Thai Snake Bite)</title>
        <description>&lt;audio controls=&quot;&quot;&gt;
  &lt;source src=&quot;Oxosse_sea_krait.mp3&quot; type=&quot;audio/mpeg&quot; /&gt;
Your browser does not support the audio element.
&lt;/audio&gt;

&lt;p&gt;i.&lt;br /&gt;
i remember that brain melting&lt;br /&gt;
&amp;nbsp;&amp;nbsp;&amp;nbsp;&amp;nbsp;&amp;nbsp;&amp;nbsp;&amp;nbsp;&amp;nbsp;&amp;nbsp;boy that brain bursting&lt;br /&gt;
&amp;nbsp;&amp;nbsp;&amp;nbsp;&amp;nbsp;&amp;nbsp;&amp;nbsp;&amp;nbsp;&amp;nbsp;&amp;nbsp;but that was not like this&lt;br /&gt;
my blood being blessed&lt;br /&gt;
&amp;nbsp;&amp;nbsp;&amp;nbsp;&amp;nbsp;&amp;nbsp;&amp;nbsp;&amp;nbsp;&amp;nbsp;&amp;nbsp;by the tiny rivers the conduits ride between&lt;br /&gt;
&amp;nbsp;&amp;nbsp;&amp;nbsp;&amp;nbsp;&amp;nbsp;&amp;nbsp;&amp;nbsp;&amp;nbsp;&amp;nbsp;the earth and the world right next to it and the worlds right next to it&lt;br /&gt;
burn holes to flow through all of them&lt;br /&gt;
&amp;nbsp;&amp;nbsp;&amp;nbsp;&amp;nbsp;&amp;nbsp;&amp;nbsp;&amp;nbsp;&amp;nbsp;&amp;nbsp;all ride rivers of&lt;br /&gt;
&amp;nbsp;&amp;nbsp;&amp;nbsp;&amp;nbsp;&amp;nbsp;&amp;nbsp;&amp;nbsp;&amp;nbsp;&amp;nbsp;neurotoxic elixirs, love, these hemotoxins in my heart&lt;br /&gt;
&amp;nbsp;&amp;nbsp;&amp;nbsp;&amp;nbsp;&amp;nbsp;&amp;nbsp;&amp;nbsp;&amp;nbsp;&amp;nbsp;run through me like&lt;br /&gt;
&amp;nbsp;&amp;nbsp;&amp;nbsp;&amp;nbsp;&amp;nbsp;&amp;nbsp;&amp;nbsp;&amp;nbsp;&amp;nbsp;&amp;nbsp;&amp;nbsp;&amp;nbsp;&amp;nbsp;&amp;nbsp;&amp;nbsp;&amp;nbsp;&amp;nbsp;&amp;nbsp;&amp;nbsp;&amp;nbsp;&amp;nbsp;&amp;nbsp;&amp;nbsp;&amp;nbsp;oceans don&amp;#39;t flow&lt;br /&gt;
&amp;nbsp;&amp;nbsp;&amp;nbsp;&amp;nbsp;&amp;nbsp;&amp;nbsp;&amp;nbsp;&amp;nbsp;&amp;nbsp;&amp;nbsp;&amp;nbsp;&amp;nbsp;&amp;nbsp;&amp;nbsp;&amp;nbsp;&amp;nbsp;&amp;nbsp;&amp;nbsp;&amp;nbsp;&amp;nbsp;&amp;nbsp;&amp;nbsp;&amp;nbsp;&amp;nbsp;&amp;nbsp;&amp;nbsp;&amp;nbsp;&amp;nbsp;&amp;nbsp;&amp;nbsp;&amp;nbsp;&amp;nbsp;&amp;nbsp;they twist and oscillate and dragpull all the fibers&lt;br /&gt;
&lt;br /&gt;
in you&lt;br /&gt;
stretch like string fields bend light&lt;br /&gt;
priest, priestess&lt;br /&gt;
i bang these stars slow motion out my eyes for you&lt;br /&gt;
irises lost in this tide&lt;br /&gt;
&amp;nbsp;&amp;nbsp;&amp;nbsp;&amp;nbsp;&amp;nbsp;&amp;nbsp;&amp;nbsp;&amp;nbsp;&amp;nbsp;i&amp;#39;m absorbing all the light and everything that comes with it&lt;br /&gt;
if you knew what it was like being this close to the edge of a waterfall&lt;br /&gt;
&amp;nbsp;&amp;nbsp;&amp;nbsp;&amp;nbsp;&amp;nbsp;&amp;nbsp;&amp;nbsp;&amp;nbsp;&amp;nbsp;&amp;nbsp;&amp;nbsp;&amp;nbsp;&amp;nbsp;&amp;nbsp;&amp;nbsp;&amp;nbsp;&amp;nbsp;&amp;nbsp;&amp;nbsp;&amp;nbsp;&amp;nbsp;&amp;nbsp;&amp;nbsp;&amp;nbsp;&amp;nbsp;&amp;nbsp;&amp;nbsp;&amp;nbsp;&amp;nbsp;&amp;nbsp;&amp;nbsp;&amp;nbsp;&amp;nbsp;&amp;nbsp;&amp;nbsp;&amp;nbsp;beating this hard&lt;br /&gt;
&amp;nbsp;&amp;nbsp;&amp;nbsp;&amp;nbsp;&amp;nbsp;&amp;nbsp;&amp;nbsp;&amp;nbsp;&amp;nbsp;you wouldn&amp;#39;t speak&lt;br /&gt;
&amp;nbsp;&amp;nbsp;&amp;nbsp;&amp;nbsp;&amp;nbsp;&amp;nbsp;&amp;nbsp;&amp;nbsp;&amp;nbsp;it all ends up in the final water body&lt;br /&gt;
&lt;br /&gt;
every olive sea krait that glides&lt;br /&gt;
&amp;nbsp;&amp;nbsp;&amp;nbsp;&amp;nbsp;&amp;nbsp;&amp;nbsp;&amp;nbsp;&amp;nbsp;&amp;nbsp;just a connector to another place and another place and another place&lt;br /&gt;
live coral reefs open to something else&lt;br /&gt;
these Thai warriors touch knee to solar plexus&lt;br /&gt;
&amp;nbsp;&amp;nbsp;&amp;nbsp;&amp;nbsp;&amp;nbsp;&amp;nbsp;&amp;nbsp;&amp;nbsp;&amp;nbsp;fangs to blood vessels&lt;br /&gt;
&amp;nbsp;&amp;nbsp;&amp;nbsp;&amp;nbsp;&amp;nbsp;&amp;nbsp;&amp;nbsp;&amp;nbsp;&amp;nbsp;send lightning through chests&lt;br /&gt;
&amp;nbsp;&amp;nbsp;&amp;nbsp;&amp;nbsp;&amp;nbsp;&amp;nbsp;&amp;nbsp;&amp;nbsp;&amp;nbsp;to awaken&lt;br /&gt;
i can see what that awakening would look like if i stayed or if i went&lt;br /&gt;
&amp;nbsp;&amp;nbsp;&amp;nbsp;&amp;nbsp;&amp;nbsp;&amp;nbsp;&amp;nbsp;&amp;nbsp;&amp;nbsp;&amp;nbsp;&amp;nbsp;&amp;nbsp;&amp;nbsp;&amp;nbsp;&amp;nbsp;&amp;nbsp;&amp;nbsp;&amp;nbsp;&amp;nbsp;&amp;nbsp;&amp;nbsp;&amp;nbsp;&amp;nbsp;&amp;nbsp;&amp;nbsp;&amp;nbsp;&amp;nbsp;&amp;nbsp;&amp;nbsp;&amp;nbsp;&amp;nbsp;&amp;nbsp;&amp;nbsp;&amp;nbsp;&amp;nbsp;&amp;nbsp;&amp;nbsp;&amp;nbsp;&amp;nbsp;&amp;nbsp;&amp;nbsp;&amp;nbsp;&amp;nbsp;&amp;nbsp;&amp;nbsp;&amp;nbsp;&amp;nbsp;&amp;nbsp;&amp;nbsp;&amp;nbsp;&amp;nbsp;from here&lt;br /&gt;
those west lips want to taste me in the sunset&lt;br /&gt;
not the way i wanted you burned holes through me&lt;br /&gt;
&amp;nbsp;&amp;nbsp;&amp;nbsp;&amp;nbsp;&amp;nbsp;&amp;nbsp;&amp;nbsp;&amp;nbsp;&amp;nbsp;this path to the skyline isn&amp;#39;t like&lt;br /&gt;
the boys left with big windows in their bodies&lt;br /&gt;
i saw it happen when i was nine&lt;br /&gt;
&amp;nbsp;&amp;nbsp;&amp;nbsp;&amp;nbsp;&amp;nbsp;&amp;nbsp;blood those swamp bullets blow a man wide open to the sun&lt;br /&gt;
&amp;nbsp;&amp;nbsp;&amp;nbsp;&amp;nbsp;&amp;nbsp;&amp;nbsp;&amp;nbsp;&amp;nbsp;&amp;nbsp;(when i was ten my brother fell from the sky and broke his skull)&lt;br /&gt;
&amp;nbsp;&amp;nbsp;&amp;nbsp;&amp;nbsp;&amp;nbsp;&amp;nbsp;&amp;nbsp;&amp;nbsp;&amp;nbsp;not the same way the French are always so alone in caf&amp;eacute;s with their friends and in movies&lt;br /&gt;
&amp;nbsp;&amp;nbsp;&amp;nbsp;&amp;nbsp;&amp;nbsp;&amp;nbsp;&amp;nbsp;&amp;nbsp;&amp;nbsp;and i left you in that bar by yourself in Montreal with your family&lt;br /&gt;
&amp;nbsp;&amp;nbsp;&amp;nbsp;&amp;nbsp;&amp;nbsp;&amp;nbsp;&amp;nbsp;&amp;nbsp;&amp;nbsp;i still have poison in me from that night: the who was i and the how could i that won&amp;rsquo;t leave&lt;br /&gt;
but that bite&lt;br /&gt;
&amp;nbsp;&amp;nbsp;&amp;nbsp;&amp;nbsp;&amp;nbsp;&amp;nbsp;&amp;nbsp;&amp;nbsp;&amp;nbsp;bent me backward over my spine&lt;br /&gt;
&amp;nbsp;&amp;nbsp;&amp;nbsp;&amp;nbsp;&amp;nbsp;&amp;nbsp;&amp;nbsp;&amp;nbsp;&amp;nbsp;back around sacral&lt;br /&gt;
&lt;br /&gt;
ii.&lt;br /&gt;
&lt;br /&gt;
you walked toward me so tentatively&lt;br /&gt;
(the cervical balances the big egg brain so perilously)&lt;br /&gt;
said you would pounce on my scare if you ever saw it,&lt;br /&gt;
&amp;nbsp;&amp;nbsp;&amp;nbsp;&amp;nbsp;&amp;nbsp;&amp;nbsp;&amp;nbsp;&amp;nbsp;&amp;nbsp;glimpsing it almost never&lt;br /&gt;
it&amp;#39;s always there for you,&lt;br /&gt;
&amp;nbsp;&amp;nbsp;&amp;nbsp;&amp;nbsp;&amp;nbsp;&amp;nbsp;&amp;nbsp;&amp;nbsp;&amp;nbsp;it&amp;#39;s always there for you,&lt;br /&gt;
&amp;nbsp;&amp;nbsp;&amp;nbsp;&amp;nbsp;&amp;nbsp;&amp;nbsp;&amp;nbsp;&amp;nbsp;&amp;nbsp;it catches light in a different way since i don&amp;#39;t fear the fire&lt;br /&gt;
&amp;nbsp;&amp;nbsp;&amp;nbsp;&amp;nbsp;&amp;nbsp;&amp;nbsp;&amp;nbsp;&amp;nbsp;&amp;nbsp;&amp;nbsp;&amp;nbsp;&amp;nbsp;&amp;nbsp;&amp;nbsp;&amp;nbsp;&amp;nbsp;&amp;nbsp;&amp;nbsp;i was ready for the injection&lt;br /&gt;
&amp;nbsp;&amp;nbsp;&amp;nbsp;&amp;nbsp;&amp;nbsp;&amp;nbsp;&amp;nbsp;&amp;nbsp;&amp;nbsp;&amp;nbsp;&amp;nbsp;&amp;nbsp;&amp;nbsp;&amp;nbsp;&amp;nbsp;&amp;nbsp;&amp;nbsp;&amp;nbsp;&amp;nbsp;&amp;nbsp;&amp;nbsp;&amp;nbsp;&amp;nbsp;&amp;nbsp;&amp;nbsp;&amp;nbsp;&amp;nbsp;every initiation is a death&lt;br /&gt;
&amp;nbsp;&amp;nbsp;&amp;nbsp;&amp;nbsp;&amp;nbsp;&amp;nbsp;&amp;nbsp;&amp;nbsp;&amp;nbsp;&amp;nbsp;&amp;nbsp;&amp;nbsp;&amp;nbsp;&amp;nbsp;&amp;nbsp;&amp;nbsp;&amp;nbsp;&amp;nbsp;&amp;nbsp;&amp;nbsp;&amp;nbsp;all the angels bring you back with coconuts&lt;br /&gt;
&lt;br /&gt;
iii.&lt;br /&gt;
&lt;br /&gt;
priest, priestess&lt;br /&gt;
these stars that i bang out my palms for you&lt;br /&gt;
explode as questions&lt;br /&gt;
what happens when all the little deaths converge into one big death&lt;br /&gt;
&amp;nbsp;&amp;nbsp;&amp;nbsp;&amp;nbsp;&amp;nbsp;&amp;nbsp;&amp;nbsp;&amp;nbsp;&amp;nbsp;is it the same but grander&lt;br /&gt;
does the flame flicker in the cosmic socket and not return&lt;br /&gt;
&amp;nbsp;&amp;nbsp;&amp;nbsp;&amp;nbsp;&amp;nbsp;&amp;nbsp;&amp;nbsp;&amp;nbsp;&amp;nbsp;what do you want to know&lt;br /&gt;
&amp;nbsp;&amp;nbsp;&amp;nbsp;&amp;nbsp;&amp;nbsp;&amp;nbsp;&amp;nbsp;&amp;nbsp;&amp;nbsp;&amp;nbsp;&amp;nbsp;&amp;nbsp;&amp;nbsp;&amp;nbsp;&amp;nbsp;all the poets today are afraid to sing stories&lt;br /&gt;
&amp;nbsp;&amp;nbsp;&amp;nbsp;&amp;nbsp;&amp;nbsp;&amp;nbsp;&amp;nbsp;&amp;nbsp;&amp;nbsp;&amp;nbsp;&amp;nbsp;&amp;nbsp;&amp;nbsp;&amp;nbsp;&amp;nbsp;&amp;nbsp;&amp;nbsp;&amp;nbsp;i&amp;rsquo;m just here to&lt;br /&gt;
&amp;nbsp;&amp;nbsp;&amp;nbsp;&amp;nbsp;&amp;nbsp;&amp;nbsp;&amp;nbsp;&amp;nbsp;&amp;nbsp;&amp;nbsp;&amp;nbsp;&amp;nbsp;&amp;nbsp;&amp;nbsp;&amp;nbsp;&amp;nbsp;&amp;nbsp;&amp;nbsp;&amp;nbsp;&amp;nbsp;&amp;nbsp;answer sphinx questions&lt;br /&gt;
&amp;nbsp;&amp;nbsp;&amp;nbsp;&amp;nbsp;&amp;nbsp;&amp;nbsp;&amp;nbsp;&amp;nbsp;&amp;nbsp;&amp;nbsp;&amp;nbsp;&amp;nbsp;&amp;nbsp;&amp;nbsp;&amp;nbsp;&amp;nbsp;&amp;nbsp;&amp;nbsp;&amp;nbsp;&amp;nbsp;&amp;nbsp;feel stone give way to windsands&lt;br /&gt;
even in paralysis this throb tilts my axis back towards the other pole&lt;br /&gt;
&amp;nbsp;&amp;nbsp;&amp;nbsp;&amp;nbsp;&amp;nbsp;&amp;nbsp;&amp;nbsp;&amp;nbsp;&amp;nbsp;we pretend eros is just in one place&lt;br /&gt;
&amp;nbsp;&amp;nbsp;&amp;nbsp;&amp;nbsp;&amp;nbsp;&amp;nbsp;&amp;nbsp;&amp;nbsp;&amp;nbsp;&amp;nbsp;&amp;nbsp;&amp;nbsp;&amp;nbsp;&amp;nbsp;&amp;nbsp;&amp;nbsp;&amp;nbsp;&amp;nbsp;&amp;nbsp;&amp;nbsp;&amp;nbsp;&amp;nbsp;&amp;nbsp;&amp;nbsp;&amp;nbsp;&amp;nbsp;&amp;nbsp;but it&amp;rsquo;s everywhere&lt;br /&gt;
&amp;nbsp;&amp;nbsp;&amp;nbsp;&amp;nbsp;&amp;nbsp;&amp;nbsp;&amp;nbsp;&amp;nbsp;&amp;nbsp;&amp;nbsp;&amp;nbsp;&amp;nbsp;&amp;nbsp;&amp;nbsp;&amp;nbsp;&amp;nbsp;&amp;nbsp;&amp;nbsp;&amp;nbsp;&amp;nbsp;&amp;nbsp;&amp;nbsp;&amp;nbsp;&amp;nbsp;&amp;nbsp;&amp;nbsp;&amp;nbsp;&amp;nbsp;&amp;nbsp;&amp;nbsp;&amp;nbsp;&amp;nbsp;&amp;nbsp;woven into all that pulls&lt;br /&gt;
&amp;nbsp;&amp;nbsp;&amp;nbsp;&amp;nbsp;&amp;nbsp;&amp;nbsp;&amp;nbsp;&amp;nbsp;&amp;nbsp;&amp;nbsp;&amp;nbsp;&amp;nbsp;&amp;nbsp;&amp;nbsp;&amp;nbsp;&amp;nbsp;&amp;nbsp;&amp;nbsp;&amp;nbsp;&amp;nbsp;&amp;nbsp;&amp;nbsp;&amp;nbsp;&amp;nbsp;&amp;nbsp;&amp;nbsp;&amp;nbsp;death has a magnetism&lt;br /&gt;
&amp;nbsp;&amp;nbsp;&amp;nbsp;&amp;nbsp;&amp;nbsp;&amp;nbsp;&amp;nbsp;&amp;nbsp;&amp;nbsp;that can rob me of my faces and my phrases if i get too close&lt;br /&gt;
&amp;nbsp;&amp;nbsp;&amp;nbsp;&amp;nbsp;&amp;nbsp;&amp;nbsp;&amp;nbsp;&amp;nbsp;&amp;nbsp;&amp;nbsp;&amp;nbsp;&amp;nbsp;&amp;nbsp;&amp;nbsp;&amp;nbsp;these aren&amp;rsquo;t just words&lt;br /&gt;
&amp;nbsp;&amp;nbsp;&amp;nbsp;&amp;nbsp;&amp;nbsp;&amp;nbsp;&amp;nbsp;&amp;nbsp;&amp;nbsp;&amp;nbsp;&amp;nbsp;&amp;nbsp;&amp;nbsp;&amp;nbsp;&amp;nbsp;&amp;nbsp;&amp;nbsp;&amp;nbsp;&amp;nbsp;&amp;nbsp;&amp;nbsp;i&amp;rsquo;m right here&lt;br /&gt;
&amp;nbsp;&amp;nbsp;&amp;nbsp;&amp;nbsp;&amp;nbsp;&amp;nbsp;&amp;nbsp;&amp;nbsp;&amp;nbsp;&amp;nbsp;&amp;nbsp;&amp;nbsp;&amp;nbsp;&amp;nbsp;&amp;nbsp;&amp;nbsp;&amp;nbsp;&amp;nbsp;&amp;nbsp;&amp;nbsp;&amp;nbsp;&amp;nbsp;&amp;nbsp;&amp;nbsp;&amp;nbsp;&amp;nbsp;&amp;nbsp;walking the xyst&lt;br /&gt;
&amp;nbsp;&amp;nbsp;&amp;nbsp;&amp;nbsp;&amp;nbsp;&amp;nbsp;&amp;nbsp;&amp;nbsp;&amp;nbsp;&amp;nbsp;&amp;nbsp;&amp;nbsp;&amp;nbsp;&amp;nbsp;&amp;nbsp;&amp;nbsp;&amp;nbsp;&amp;nbsp;&amp;nbsp;&amp;nbsp;&amp;nbsp;&amp;nbsp;&amp;nbsp;&amp;nbsp;&amp;nbsp;&amp;nbsp;&amp;nbsp;&amp;nbsp;&amp;nbsp;&amp;nbsp;through the black garden&lt;br /&gt;
&amp;nbsp;&amp;nbsp;&amp;nbsp;&amp;nbsp;&amp;nbsp;&amp;nbsp;&amp;nbsp;&amp;nbsp;&amp;nbsp;transmitting across the full bandwidth to anything that can listen&lt;br /&gt;
&amp;nbsp;&amp;nbsp;&amp;nbsp;&amp;nbsp;&amp;nbsp;&amp;nbsp;&amp;nbsp;&amp;nbsp;&amp;nbsp;&amp;nbsp;&amp;nbsp;&amp;nbsp;&amp;nbsp;&amp;nbsp;&amp;nbsp;&amp;nbsp;&amp;nbsp;&amp;nbsp;&amp;nbsp;&amp;nbsp;&amp;nbsp;&amp;nbsp;&amp;nbsp;&amp;nbsp;&amp;nbsp;&amp;nbsp;&amp;nbsp;&amp;nbsp;&amp;nbsp;&amp;nbsp;&amp;nbsp;&amp;nbsp;&amp;nbsp;&amp;nbsp;&amp;nbsp;&amp;nbsp;&amp;nbsp;&amp;nbsp;&amp;nbsp;&amp;nbsp;&amp;nbsp;&amp;nbsp;&amp;nbsp;&amp;nbsp;&amp;nbsp;THIS IS NOT MY PLACE YET&lt;br /&gt;
&amp;nbsp;&amp;nbsp;&amp;nbsp;&amp;nbsp;&amp;nbsp;&amp;nbsp;&amp;nbsp;&amp;nbsp;&amp;nbsp;&amp;nbsp;&amp;nbsp;&amp;nbsp;&amp;nbsp;&amp;nbsp;&amp;nbsp;&amp;nbsp;&amp;nbsp;&amp;nbsp;i have language snaking through double helixes and songs&amp;sup1;&lt;br /&gt;
&amp;nbsp;&amp;nbsp;&amp;nbsp;&amp;nbsp;&amp;nbsp;&amp;nbsp;&amp;nbsp;&amp;nbsp;&amp;nbsp;&amp;nbsp;&amp;nbsp;&amp;nbsp;&amp;nbsp;&amp;nbsp;&amp;nbsp;&amp;nbsp;&amp;nbsp;&amp;nbsp;&amp;nbsp;&amp;nbsp;&amp;nbsp;a bursting heart pumping them out into the ocean&lt;br /&gt;
&amp;nbsp;&amp;nbsp;&amp;nbsp;&amp;nbsp;&amp;nbsp;&amp;nbsp;&amp;nbsp;&amp;nbsp;&amp;nbsp;&amp;nbsp;&amp;nbsp;&amp;nbsp;&amp;nbsp;&amp;nbsp;&amp;nbsp;&amp;nbsp;&amp;nbsp;&amp;nbsp;&amp;nbsp;&amp;nbsp;&amp;nbsp;&amp;nbsp;&amp;nbsp;&amp;nbsp;&amp;nbsp;&amp;nbsp;&amp;nbsp;&amp;nbsp;&amp;nbsp;&amp;nbsp;new freedoms to give/ideas to kill&lt;br /&gt;
what is really me starting to perfuse timeless lips&lt;br /&gt;
&amp;nbsp;&amp;nbsp;&amp;nbsp;&amp;nbsp;&amp;nbsp;&amp;nbsp;&amp;nbsp;&amp;nbsp;&amp;nbsp;inexorably wet like when you have no choice but to start a family&lt;br /&gt;
i can see the waves of my mother&amp;rsquo;s scream when she lost her first son slipping away&lt;br /&gt;
&amp;nbsp;&amp;nbsp;&amp;nbsp;&amp;nbsp;&amp;nbsp;&amp;nbsp;&amp;nbsp;&amp;nbsp;&amp;nbsp;&amp;nbsp;she can&amp;rsquo;t scream again for her second&lt;br /&gt;
death doesn&amp;rsquo;t stand still&lt;br /&gt;
&amp;nbsp;&amp;nbsp;&amp;nbsp;&amp;nbsp;&amp;nbsp;&amp;nbsp;&amp;nbsp;&amp;nbsp;&amp;nbsp;it pulses and storms and diffuses through the walls until&lt;br /&gt;
&amp;nbsp;&amp;nbsp;&amp;nbsp;&amp;nbsp;&amp;nbsp;&amp;nbsp;&amp;nbsp;&amp;nbsp;&amp;nbsp;&amp;nbsp;&amp;nbsp;&amp;nbsp;&amp;nbsp;&amp;nbsp;&amp;nbsp;&amp;nbsp;&amp;nbsp;&amp;nbsp;&amp;nbsp;&amp;nbsp;&amp;nbsp;&amp;nbsp;&amp;nbsp;&amp;nbsp;&amp;nbsp;&amp;nbsp;&amp;nbsp;&amp;nbsp;&amp;nbsp;&amp;nbsp;&amp;nbsp;&amp;nbsp;&amp;nbsp;&amp;nbsp;&amp;nbsp;&amp;nbsp;&amp;nbsp;&amp;nbsp;&amp;nbsp;&amp;nbsp;&amp;nbsp;&amp;nbsp;&amp;nbsp;&amp;nbsp;&amp;nbsp;&amp;nbsp;&amp;nbsp;&amp;nbsp;everything is soaked&lt;br /&gt;
it promises to free that slow lightning on rotation on your radio every day&lt;br /&gt;
i&amp;rsquo;m not a soothsayer&lt;br /&gt;
&amp;nbsp;&amp;nbsp;&amp;nbsp;&amp;nbsp;&amp;nbsp;&amp;nbsp;&amp;nbsp;&amp;nbsp;&amp;nbsp;but bodies were constructed for these transmissions they don&amp;rsquo;t contain them&lt;br /&gt;
&amp;nbsp;&amp;nbsp;&amp;nbsp;&amp;nbsp;&amp;nbsp;&amp;nbsp;&amp;nbsp;&amp;nbsp;&amp;nbsp;&amp;nbsp;&amp;nbsp;&amp;nbsp;&amp;nbsp;&amp;nbsp;&amp;nbsp;&amp;nbsp;&amp;nbsp;&amp;nbsp;and the avenues of my brain are widening&lt;br /&gt;
&amp;nbsp;&amp;nbsp;&amp;nbsp;&amp;nbsp;&amp;nbsp;&amp;nbsp;&amp;nbsp;&amp;nbsp;&amp;nbsp;for the second lining&amp;sup2; in the streets that follows the grand boom&lt;br /&gt;
&amp;nbsp;&amp;nbsp;&amp;nbsp;&amp;nbsp;&amp;nbsp;&amp;nbsp;&amp;nbsp;&amp;nbsp;&amp;nbsp;&amp;nbsp;&amp;nbsp;&amp;nbsp;&amp;nbsp;&amp;nbsp;&amp;nbsp;&amp;nbsp;&amp;nbsp;&amp;nbsp;celestial static then trumpets ride that bass drum&lt;/p&gt;
&lt;p&gt;&lt;br /&gt;
&lt;br /&gt;
&lt;br /&gt;
&lt;strong&gt;__&lt;/strong&gt;&lt;strong&gt;__&lt;/strong&gt;&lt;strong&gt;__&lt;/strong&gt;&lt;strong&gt;__&lt;/strong&gt;_&lt;br /&gt;
¹ “Nobody sings anymore.”&lt;br /&gt;-Amiri Buraka&lt;br /&gt;&lt;br /&gt;
² “they don’t dance no more”&lt;br /&gt;-Goodie Mob&lt;br /&gt;&lt;br /&gt;&lt;/p&gt;
</description>
        <pubDate>Sat, 19 Mar 2016 14:00:00 -0500</pubDate>
        <link>http://alienmouth.com/march2016/5.html</link>
        <guid isPermaLink="true">http://alienmouth.com/march2016/5.html</guid>
        
        
        <category>march2016</category>
        
      </item>
    
      <item>
        <title>be without be without be without [ii]</title>
        <description>&lt;p&gt;(now) amid&lt;br /&gt;
falling blackbirds&lt;br /&gt;
&lt;br /&gt;
and seeming-flights&lt;br /&gt;
&amp;nbsp;&amp;nbsp;&amp;nbsp;&amp;nbsp;&amp;nbsp;&amp;nbsp;&amp;nbsp;&amp;nbsp;from my mother&amp;rsquo;s car&lt;br /&gt;
&amp;nbsp;&amp;nbsp;&amp;nbsp;&amp;nbsp;&amp;nbsp;&amp;nbsp;&amp;nbsp;&amp;nbsp;to the garage door,&lt;br /&gt;
&lt;br /&gt;
i will not recall&lt;br /&gt;
whether&amp;nbsp;&amp;nbsp;&amp;nbsp;&amp;nbsp;&amp;nbsp;&amp;nbsp;&amp;nbsp;&amp;nbsp;i walked&lt;br /&gt;
&lt;br /&gt;
&amp;nbsp;&amp;nbsp;&amp;nbsp;&amp;nbsp;&amp;nbsp;&amp;nbsp;&amp;nbsp;&amp;nbsp;or crawled.&lt;/p&gt;
</description>
        <pubDate>Sat, 19 Mar 2016 13:00:00 -0500</pubDate>
        <link>http://alienmouth.com/march2016/6.html</link>
        <guid isPermaLink="true">http://alienmouth.com/march2016/6.html</guid>
        
        
        <category>march2016</category>
        
      </item>
    
      <item>
        <title>Fever in Kabul</title>
        <description>&lt;p&gt;A man walks&lt;br /&gt;
sickly&lt;br /&gt;
under umbrella,&lt;br /&gt;
and the storm is sandy,&lt;br /&gt;
according to CNN:&lt;br /&gt;
it is a time to come,&lt;br /&gt;
indeterminate;&lt;br /&gt;
it is Kabul,&lt;br /&gt;
in summer, maybe:&lt;br /&gt;
World Water Monopoly&lt;br /&gt;
flies (triumphant) this time&lt;br /&gt;
on its carpets&lt;br /&gt;
on, maybe,&lt;br /&gt;
neighboring Persia:&lt;br /&gt;
the Markets are not to take&lt;br /&gt;
to suddenly turn upward.&lt;/p&gt;
</description>
        <pubDate>Sat, 19 Mar 2016 12:00:00 -0500</pubDate>
        <link>http://alienmouth.com/march2016/7.html</link>
        <guid isPermaLink="true">http://alienmouth.com/march2016/7.html</guid>
        
        
        <category>march2016</category>
        
      </item>
    
      <item>
        <title>Self Portrait As Doomed Amphibian</title>
        <description>&lt;p&gt;&amp;nbsp;&amp;nbsp;&amp;nbsp;&amp;nbsp;&amp;nbsp;&amp;nbsp;&amp;nbsp;&amp;nbsp;At first, such calm: the river&lt;br /&gt;
drifting sleepily along its banks,&lt;br /&gt;
&lt;br /&gt;
&amp;nbsp;&amp;nbsp;&amp;nbsp;&amp;nbsp;&amp;nbsp;&amp;nbsp;&amp;nbsp;&amp;nbsp;sunlight glinting off water &amp;ndash; no sound&lt;br /&gt;
&amp;nbsp;&amp;nbsp;&amp;nbsp;&amp;nbsp;&amp;nbsp;&amp;nbsp;&amp;nbsp;&amp;nbsp;&amp;nbsp;&amp;nbsp;&amp;nbsp;&amp;nbsp;&amp;nbsp;&amp;nbsp;&amp;nbsp;&amp;nbsp;but the hush of the current,&lt;br /&gt;
&lt;br /&gt;
splashing over sun-bleached bones,&lt;br /&gt;
&amp;nbsp;&amp;nbsp;&amp;nbsp;&amp;nbsp;&amp;nbsp;&amp;nbsp;&amp;nbsp;&amp;nbsp;a dead log rising in the air&lt;br /&gt;
&lt;br /&gt;
&amp;nbsp;&amp;nbsp;&amp;nbsp;&amp;nbsp;&amp;nbsp;&amp;nbsp;&amp;nbsp;&amp;nbsp;like summer heat, the garden snake&lt;br /&gt;
&amp;nbsp;&amp;nbsp;&amp;nbsp;&amp;nbsp;&amp;nbsp;&amp;nbsp;&amp;nbsp;&amp;nbsp;&amp;nbsp;&amp;nbsp;&amp;nbsp;&amp;nbsp;&amp;nbsp;&amp;nbsp;&amp;nbsp;&amp;nbsp;lounging in dirt &amp;amp; dry leaves.&lt;br /&gt;
&lt;br /&gt;
&amp;nbsp;&amp;nbsp;&amp;nbsp;&amp;nbsp;&amp;nbsp;&amp;nbsp;&amp;nbsp;&amp;nbsp;Then: a thrashing in the water,&lt;br /&gt;
&amp;nbsp;&amp;nbsp;&amp;nbsp;&amp;nbsp;&amp;nbsp;&amp;nbsp;&amp;nbsp;&amp;nbsp;&amp;nbsp;&amp;nbsp;&amp;nbsp;&amp;nbsp;&amp;nbsp;&amp;nbsp;&amp;nbsp;&amp;nbsp;&amp;nbsp;the sun&amp;#39;s reflection broken&lt;br /&gt;
&lt;br /&gt;
into wicked, grinning knives, the water&lt;br /&gt;
&amp;nbsp;&amp;nbsp;&amp;nbsp;&amp;nbsp;&amp;nbsp;&amp;nbsp;&amp;nbsp;&amp;nbsp;&amp;nbsp;&amp;nbsp;&amp;nbsp;&amp;nbsp;&amp;nbsp;&amp;nbsp;&amp;nbsp;&amp;nbsp;frothed by twisting scales,&lt;br /&gt;
&amp;nbsp;&amp;nbsp;&amp;nbsp;&amp;nbsp;&amp;nbsp;&amp;nbsp;&amp;nbsp;&amp;nbsp;the predator&lt;br /&gt;
&lt;br /&gt;
&amp;nbsp;&amp;nbsp;&amp;nbsp;&amp;nbsp;&amp;nbsp;&amp;nbsp;&amp;nbsp;&amp;nbsp;coiled in a pulsing half-knot,&lt;br /&gt;
emerging from beneath the glass waves&lt;br /&gt;
&lt;br /&gt;
in triumph.&lt;br /&gt;
&amp;nbsp;&amp;nbsp;&amp;nbsp;&amp;nbsp;&amp;nbsp;&amp;nbsp;&amp;nbsp;&amp;nbsp;&amp;nbsp;&amp;nbsp;&amp;nbsp;&amp;nbsp;&amp;nbsp;&amp;nbsp;&amp;nbsp;&amp;nbsp;&amp;nbsp;&amp;nbsp;&amp;nbsp;&amp;nbsp;&amp;nbsp;&amp;nbsp;Jaws clamped tight&lt;br /&gt;
&lt;br /&gt;
&amp;amp; dragging the tiny green frog &amp;ndash;&lt;br /&gt;
&amp;nbsp;&amp;nbsp;&amp;nbsp;&amp;nbsp;&amp;nbsp;&amp;nbsp;&amp;nbsp;&amp;nbsp;frozen, in shock,&amp;nbsp;&amp;nbsp;&amp;nbsp;&amp;nbsp;&amp;nbsp;or terror,&lt;br /&gt;
&amp;nbsp;&amp;nbsp;&amp;nbsp;&amp;nbsp;&amp;nbsp;&amp;nbsp;&amp;nbsp;&amp;nbsp;&amp;nbsp;&amp;nbsp;&amp;nbsp;&amp;nbsp;&amp;nbsp;&amp;nbsp;&amp;nbsp;&amp;nbsp;&amp;nbsp;&amp;nbsp;&amp;nbsp;&amp;nbsp;&amp;nbsp;&amp;nbsp;&amp;nbsp;&amp;nbsp;&amp;nbsp;&amp;nbsp;&amp;nbsp;&amp;nbsp;&amp;nbsp;&amp;nbsp;&amp;nbsp;&amp;nbsp;or denial &amp;ndash;&lt;br /&gt;
&lt;br /&gt;
&amp;nbsp;&amp;nbsp;&amp;nbsp;&amp;nbsp;&amp;nbsp;&amp;nbsp;&amp;nbsp;&amp;nbsp;which puts up no struggle at all, but sits,&lt;br /&gt;
so perfectly still, so utterly&amp;nbsp;&amp;nbsp;&amp;nbsp;&amp;nbsp;silent in defeat,&lt;br /&gt;
&lt;br /&gt;
&amp;nbsp;&amp;nbsp;&amp;nbsp;&amp;nbsp;&amp;nbsp;&amp;nbsp;&amp;nbsp;&amp;nbsp;slowly retreating without a fight&lt;br /&gt;
&amp;nbsp;&amp;nbsp;&amp;nbsp;&amp;nbsp;&amp;nbsp;&amp;nbsp;&amp;nbsp;&amp;nbsp;&amp;nbsp;&amp;nbsp;&amp;nbsp;&amp;nbsp;&amp;nbsp;&amp;nbsp;&amp;nbsp;&amp;nbsp;deep into the serpent&amp;#39;s maw&lt;/p&gt;
</description>
        <pubDate>Sat, 19 Mar 2016 11:00:00 -0500</pubDate>
        <link>http://alienmouth.com/march2016/8.html</link>
        <guid isPermaLink="true">http://alienmouth.com/march2016/8.html</guid>
        
        
        <category>march2016</category>
        
      </item>
    
      <item>
        <title>· · · – – – · · ·</title>
        <description>&lt;p&gt;a feeling of dread— . . . —a crack in the ship’s hull&lt;br /&gt;
dreams of water rushing in / the awareness&lt;br /&gt;
                    of my body governed by gravity&lt;br /&gt;
            &amp;amp; the recollection that&lt;br /&gt;
                        heavy things are made to sink.&lt;br /&gt;
what choices remain? a woman screams &amp;amp;&lt;br /&gt;
        a chandelier crashes—&lt;br /&gt;
                            a dark shadow spreads across the floor.&lt;/p&gt;
</description>
        <pubDate>Sat, 19 Mar 2016 10:00:00 -0500</pubDate>
        <link>http://alienmouth.com/march2016/9.html</link>
        <guid isPermaLink="true">http://alienmouth.com/march2016/9.html</guid>
        
        
        <category>march2016</category>
        
      </item>
    
      <item>
        <title>Listening</title>
        <description>&lt;p&gt;The way you stack this music&lt;br /&gt;
voice atop voice&lt;br /&gt;
you lean to&lt;br /&gt;
inhale how rhythms breathe&lt;br /&gt;
and cause the body&amp;rsquo;s bounce to&lt;br /&gt;
accumulate effort. Nothing&lt;br /&gt;
sleeps here: light births itself&lt;br /&gt;
&amp;mdash;light is a misery that folds&lt;br /&gt;
hours into absence. You run,&lt;br /&gt;
the music follows, voice and&lt;br /&gt;
further voice misleading the&lt;br /&gt;
body: if you close your eyes&lt;br /&gt;
to imagine a moment of&lt;br /&gt;
prayer, rest, this day&lt;br /&gt;
will become light creasing&lt;br /&gt;
your purpose, setting the&lt;br /&gt;
skin aflame.&lt;/p&gt;
</description>
        <pubDate>Sat, 19 Mar 2016 09:00:00 -0500</pubDate>
        <link>http://alienmouth.com/march2016/10.html</link>
        <guid isPermaLink="true">http://alienmouth.com/march2016/10.html</guid>
        
        
        <category>march2016</category>
        
      </item>
    
  </channel>
</rss>
